run_id,model,n_shots,sample_idx,y_true,y_pred
5,gemini-2.0-flash,8,0,0,0
5,gemini-2.0-flash,8,1,0,0
5,gemini-2.0-flash,8,2,1,1
5,gemini-2.0-flash,8,3,0,0
5,gemini-2.0-flash,8,4,0,0
5,gemini-2.0-flash,8,5,0,0
5,gemini-2.0-flash,8,6,0,0
5,gemini-2.0-flash,8,7,0,1
5,gemini-2.0-flash,8,8,0,1
5,gemini-2.0-flash,8,9,0,0
5,gemini-2.0-flash,8,10,0,1
5,gemini-2.0-flash,8,11,0,0
5,gemini-2.0-flash,8,12,0,0
5,gemini-2.0-flash,8,13,1,1
5,gemini-2.0-flash,8,14,0,0
5,gemini-2.0-flash,8,15,0,0
5,gemini-2.0-flash,8,16,0,0
5,gemini-2.0-flash,8,17,1,1
5,gemini-2.0-flash,8,18,0,0
5,gemini-2.0-flash,8,19,0,0
5,gemini-2.0-flash,8,20,0,0
5,gemini-2.0-flash,8,21,0,0
5,gemini-2.0-flash,8,22,0,0
5,gemini-2.0-flash,8,23,0,1
5,gemini-2.0-flash,8,24,0,0
5,gemini-2.0-flash,8,25,0,1
5,gemini-2.0-flash,8,26,0,0
5,gemini-2.0-flash,8,27,0,0
5,gemini-2.0-flash,8,28,0,0
5,gemini-2.0-flash,8,29,0,0
5,gemini-2.0-flash,8,30,0,0
5,gemini-2.0-flash,8,31,0,1
5,gemini-2.0-flash,8,32,0,0
5,gemini-2.0-flash,8,33,0,1
5,gemini-2.0-flash,8,34,0,0
5,gemini-2.0-flash,8,35,0,1
5,gemini-2.0-flash,8,36,1,0
5,gemini-2.0-flash,8,37,1,1
5,gemini-2.0-flash,8,38,0,0
5,gemini-2.0-flash,8,39,0,0
5,gemini-2.0-flash,8,40,0,0
5,gemini-2.0-flash,8,41,0,0
5,gemini-2.0-flash,8,42,0,0
5,gemini-2.0-flash,8,43,0,0
5,gemini-2.0-flash,8,44,1,0
5,gemini-2.0-flash,8,45,1,1
5,gemini-2.0-flash,8,46,0,0
5,gemini-2.0-flash,8,47,0,0
5,gemini-2.0-flash,8,48,0,1
5,gemini-2.0-flash,8,49,0,1
5,gemini-2.0-flash,8,50,0,0
5,gemini-2.0-flash,8,51,0,0
5,gemini-2.0-flash,8,52,0,0
5,gemini-2.0-flash,8,53,1,1
5,gemini-2.0-flash,8,54,0,0
5,gemini-2.0-flash,8,55,0,1
5,gemini-2.0-flash,8,56,0,1
5,gemini-2.0-flash,8,57,0,0
5,gemini-2.0-flash,8,58,0,0
5,gemini-2.0-flash,8,59,0,0
5,gemini-2.0-flash,8,60,0,0
5,gemini-2.0-flash,8,61,0,0
5,gemini-2.0-flash,8,62,0,0
5,gemini-2.0-flash,8,63,0,1
5,gemini-2.0-flash,8,64,1,1
5,gemini-2.0-flash,8,65,0,1
5,gemini-2.0-flash,8,66,0,0
5,gemini-2.0-flash,8,67,0,0
5,gemini-2.0-flash,8,68,0,0
5,gemini-2.0-flash,8,69,0,0
5,gemini-2.0-flash,8,70,0,0
5,gemini-2.0-flash,8,71,0,1
5,gemini-2.0-flash,8,72,0,0
5,gemini-2.0-flash,8,73,0,0
5,gemini-2.0-flash,8,74,0,0
5,gemini-2.0-flash,8,75,0,0
5,gemini-2.0-flash,8,76,0,1
5,gemini-2.0-flash,8,77,0,0
5,gemini-2.0-flash,8,78,1,1
5,gemini-2.0-flash,8,79,0,0
5,gemini-2.0-flash,8,80,0,0
5,gemini-2.0-flash,8,81,0,0
5,gemini-2.0-flash,8,82,1,1
5,gemini-2.0-flash,8,83,0,0
5,gemini-2.0-flash,8,84,0,1
5,gemini-2.0-flash,8,85,0,0
5,gemini-2.0-flash,8,86,0,0
5,gemini-2.0-flash,8,87,0,0
5,gemini-2.0-flash,8,88,1,1
5,gemini-2.0-flash,8,89,0,0
5,gemini-2.0-flash,8,90,0,0
5,gemini-2.0-flash,8,91,0,1
5,gemini-2.0-flash,8,92,0,0
5,gemini-2.0-flash,8,93,0,0
5,gemini-2.0-flash,8,94,0,0
5,gemini-2.0-flash,8,95,0,1
5,gemini-2.0-flash,8,96,0,0
5,gemini-2.0-flash,8,97,0,0
5,gemini-2.0-flash,8,98,0,0
5,gemini-2.0-flash,8,99,0,0
5,gemini-2.0-flash,8,100,0,1
5,gemini-2.0-flash,8,101,1,1
5,gemini-2.0-flash,8,102,0,0
5,gemini-2.0-flash,8,103,0,0
5,gemini-2.0-flash,8,104,0,1
5,gemini-2.0-flash,8,105,0,1
5,gemini-2.0-flash,8,106,0,0
5,gemini-2.0-flash,8,107,0,1
5,gemini-2.0-flash,8,108,0,0
5,gemini-2.0-flash,8,109,0,0
5,gemini-2.0-flash,8,110,1,1
5,gemini-2.0-flash,8,111,0,0
5,gemini-2.0-flash,8,112,0,0
5,gemini-2.0-flash,8,113,0,1
5,gemini-2.0-flash,8,114,0,1
5,gemini-2.0-flash,8,115,0,0
5,gemini-2.0-flash,8,116,0,0
5,gemini-2.0-flash,8,117,1,1
5,gemini-2.0-flash,8,118,0,0
5,gemini-2.0-flash,8,119,0,0
5,gemini-2.0-flash,8,120,0,0
5,gemini-2.0-flash,8,121,0,0
5,gemini-2.0-flash,8,122,1,1
5,gemini-2.0-flash,8,123,0,0
5,gemini-2.0-flash,8,124,0,1
5,gemini-2.0-flash,8,125,0,0
5,gemini-2.0-flash,8,126,0,0
5,gemini-2.0-flash,8,127,0,0
5,gemini-2.0-flash,8,128,0,1
5,gemini-2.0-flash,8,129,0,0
5,gemini-2.0-flash,8,130,0,1
5,gemini-2.0-flash,8,131,1,1
5,gemini-2.0-flash,8,132,0,1
5,gemini-2.0-flash,8,133,0,0
5,gemini-2.0-flash,8,134,0,0
5,gemini-2.0-flash,8,135,1,0
5,gemini-2.0-flash,8,136,0,0
5,gemini-2.0-flash,8,137,0,0
5,gemini-2.0-flash,8,138,0,0
5,gemini-2.0-flash,8,139,0,0
5,gemini-2.0-flash,8,140,0,0
5,gemini-2.0-flash,8,141,0,0
5,gemini-2.0-flash,8,142,0,0
5,gemini-2.0-flash,8,143,0,0
5,gemini-2.0-flash,8,144,0,0
5,gemini-2.0-flash,8,145,0,0
5,gemini-2.0-flash,8,146,0,0
5,gemini-2.0-flash,8,147,0,0
5,gemini-2.0-flash,8,148,0,0
5,gemini-2.0-flash,8,149,0,0
5,gemini-2.0-flash,8,150,0,0
5,gemini-2.0-flash,8,151,0,0
5,gemini-2.0-flash,8,152,0,0
5,gemini-2.0-flash,8,153,0,0
5,gemini-2.0-flash,8,154,0,0
5,gemini-2.0-flash,8,155,0,0
5,gemini-2.0-flash,8,156,0,1
5,gemini-2.0-flash,8,157,0,0
5,gemini-2.0-flash,8,158,0,0
5,gemini-2.0-flash,8,159,1,0
5,gemini-2.0-flash,8,160,0,1
5,gemini-2.0-flash,8,161,0,0
5,gemini-2.0-flash,8,162,0,0
5,gemini-2.0-flash,8,163,0,0
5,gemini-2.0-flash,8,164,0,0
5,gemini-2.0-flash,8,165,0,1
5,gemini-2.0-flash,8,166,1,0
5,gemini-2.0-flash,8,167,0,0
5,gemini-2.0-flash,8,168,0,0
5,gemini-2.0-flash,8,169,0,0
5,gemini-2.0-flash,8,170,0,0
5,gemini-2.0-flash,8,171,0,0
5,gemini-2.0-flash,8,172,0,0
5,gemini-2.0-flash,8,173,0,1
5,gemini-2.0-flash,8,174,0,0
5,gemini-2.0-flash,8,175,1,1
5,gemini-2.0-flash,8,176,0,0
5,gemini-2.0-flash,8,177,0,0
5,gemini-2.0-flash,8,178,0,0
5,gemini-2.0-flash,8,179,0,1
5,gemini-2.0-flash,8,180,0,0
5,gemini-2.0-flash,8,181,0,0
5,gemini-2.0-flash,8,182,1,1
5,gemini-2.0-flash,8,183,0,1
5,gemini-2.0-flash,8,184,0,0
5,gemini-2.0-flash,8,185,0,0
5,gemini-2.0-flash,8,186,0,0
5,gemini-2.0-flash,8,187,0,0
5,gemini-2.0-flash,8,188,0,0
5,gemini-2.0-flash,8,189,0,0
5,gemini-2.0-flash,8,190,0,0
5,gemini-2.0-flash,8,191,0,0
5,gemini-2.0-flash,8,192,0,0
5,gemini-2.0-flash,8,193,0,0
5,gemini-2.0-flash,8,194,0,0
5,gemini-2.0-flash,8,195,0,0
5,gemini-2.0-flash,8,196,0,0
5,gemini-2.0-flash,8,197,0,0
5,gemini-2.0-flash,8,198,0,0
5,gemini-2.0-flash,8,199,1,0
5,gemini-2.0-flash,8,200,0,0
5,gemini-2.0-flash,8,201,0,0
5,gemini-2.0-flash,8,202,0,0
5,gemini-2.0-flash,8,203,0,0
5,gemini-2.0-flash,8,204,0,0
5,gemini-2.0-flash,8,205,0,0
5,gemini-2.0-flash,8,206,0,0
5,gemini-2.0-flash,8,207,1,1
5,gemini-2.0-flash,8,208,0,0
5,gemini-2.0-flash,8,209,0,1
5,gemini-2.0-flash,8,210,0,0
5,gemini-2.0-flash,8,211,0,0
5,gemini-2.0-flash,8,212,0,0
5,gemini-2.0-flash,8,213,1,0
5,gemini-2.0-flash,8,214,0,0
5,gemini-2.0-flash,8,215,0,0
5,gemini-2.0-flash,8,216,0,0
5,gemini-2.0-flash,8,217,0,1
5,gemini-2.0-flash,8,218,0,0
5,gemini-2.0-flash,8,219,0,0
5,gemini-2.0-flash,8,220,0,0
5,gemini-2.0-flash,8,221,0,1
5,gemini-2.0-flash,8,222,0,0
5,gemini-2.0-flash,8,223,1,0
5,gemini-2.0-flash,8,224,0,0
5,gemini-2.0-flash,8,225,0,0
5,gemini-2.0-flash,8,226,0,0
5,gemini-2.0-flash,8,227,0,1
5,gemini-2.0-flash,8,228,0,0
5,gemini-2.0-flash,8,229,0,1
5,gemini-2.0-flash,8,230,0,0
5,gemini-2.0-flash,8,231,0,0
5,gemini-2.0-flash,8,232,1,0
5,gemini-2.0-flash,8,233,0,1
5,gemini-2.0-flash,8,234,0,1
5,gemini-2.0-flash,8,235,0,0
5,gemini-2.0-flash,8,236,1,1
5,gemini-2.0-flash,8,237,0,0
5,gemini-2.0-flash,8,238,1,1
5,gemini-2.0-flash,8,239,0,0
5,gemini-2.0-flash,8,240,0,0
5,gemini-2.0-flash,8,241,0,1
5,gemini-2.0-flash,8,242,0,0
5,gemini-2.0-flash,8,243,0,1
5,gemini-2.0-flash,8,244,0,0
5,gemini-2.0-flash,8,245,0,1
5,gemini-2.0-flash,8,246,0,0
5,gemini-2.0-flash,8,247,0,0
5,gemini-2.0-flash,8,248,0,0
5,gemini-2.0-flash,8,249,0,0
5,gemini-2.0-flash,8,250,0,1
5,gemini-2.0-flash,8,251,0,0
5,gemini-2.0-flash,8,252,0,0
5,gemini-2.0-flash,8,253,0,0
5,gemini-2.0-flash,8,254,0,0
5,gemini-2.0-flash,8,255,0,1
5,gemini-2.0-flash,8,256,0,0
5,gemini-2.0-flash,8,257,0,1
5,gemini-2.0-flash,8,258,0,0
5,gemini-2.0-flash,8,259,0,0
5,gemini-2.0-flash,8,260,0,0
5,gemini-2.0-flash,8,261,0,0
5,gemini-2.0-flash,8,262,0,0
5,gemini-2.0-flash,8,263,0,0
5,gemini-2.0-flash,8,264,0,0
5,gemini-2.0-flash,8,265,0,0
5,gemini-2.0-flash,8,266,0,0
5,gemini-2.0-flash,8,267,0,1
5,gemini-2.0-flash,8,268,1,1
5,gemini-2.0-flash,8,269,0,0
5,gemini-2.0-flash,8,270,0,0
5,gemini-2.0-flash,8,271,0,0
5,gemini-2.0-flash,8,272,0,0
5,gemini-2.0-flash,8,273,0,0
5,gemini-2.0-flash,8,274,1,0
5,gemini-2.0-flash,8,275,0,0
5,gemini-2.0-flash,8,276,0,0
5,gemini-2.0-flash,8,277,0,0
5,gemini-2.0-flash,8,278,0,0
5,gemini-2.0-flash,8,279,0,0
5,gemini-2.0-flash,8,280,0,0
5,gemini-2.0-flash,8,281,0,1
5,gemini-2.0-flash,8,282,0,0
5,gemini-2.0-flash,8,283,0,1
5,gemini-2.0-flash,8,284,0,0
5,gemini-2.0-flash,8,285,0,0
5,gemini-2.0-flash,8,286,0,0
5,gemini-2.0-flash,8,287,1,1
5,gemini-2.0-flash,8,288,0,0
5,gemini-2.0-flash,8,289,0,0
5,gemini-2.0-flash,8,290,0,0
5,gemini-2.0-flash,8,291,0,0
5,gemini-2.0-flash,8,292,0,0
5,gemini-2.0-flash,8,293,1,1
5,gemini-2.0-flash,8,294,0,0
5,gemini-2.0-flash,8,295,1,1
5,gemini-2.0-flash,8,296,0,0
5,gemini-2.0-flash,8,297,0,0
5,gemini-2.0-flash,8,298,1,1
5,gemini-2.0-flash,8,299,0,0
5,gemini-2.0-flash,8,300,0,0
5,gemini-2.0-flash,8,301,0,1
5,gemini-2.0-flash,8,302,0,0
5,gemini-2.0-flash,8,303,0,0
5,gemini-2.0-flash,8,304,0,0
5,gemini-2.0-flash,8,305,1,1
5,gemini-2.0-flash,8,306,0,0
5,gemini-2.0-flash,8,307,0,0
5,gemini-2.0-flash,8,308,1,1
5,gemini-2.0-flash,8,309,0,0
5,gemini-2.0-flash,8,310,1,1
5,gemini-2.0-flash,8,311,0,0
5,gemini-2.0-flash,8,312,0,0
5,gemini-2.0-flash,8,313,0,0
5,gemini-2.0-flash,8,314,0,0
5,gemini-2.0-flash,8,315,1,1
5,gemini-2.0-flash,8,316,0,0
5,gemini-2.0-flash,8,317,1,1
5,gemini-2.0-flash,8,318,0,1
5,gemini-2.0-flash,8,319,0,0
5,gemini-2.0-flash,8,320,0,0
5,gemini-2.0-flash,8,321,0,0
5,gemini-2.0-flash,8,322,0,0
5,gemini-2.0-flash,8,323,0,0
5,gemini-2.0-flash,8,324,1,0
5,gemini-2.0-flash,8,325,1,1
5,gemini-2.0-flash,8,326,0,0
5,gemini-2.0-flash,8,327,0,0
5,gemini-2.0-flash,8,328,0,0
5,gemini-2.0-flash,8,329,0,0
5,gemini-2.0-flash,8,330,0,1
5,gemini-2.0-flash,8,331,0,0
5,gemini-2.0-flash,8,332,0,0
5,gemini-2.0-flash,8,333,1,1
5,gemini-2.0-flash,8,334,0,0
5,gemini-2.0-flash,8,335,0,0
5,gemini-2.0-flash,8,336,0,0
5,gemini-2.0-flash,8,337,0,0
5,gemini-2.0-flash,8,338,1,1
5,gemini-2.0-flash,8,339,0,0
5,gemini-2.0-flash,8,340,0,0
5,gemini-2.0-flash,8,341,0,0
5,gemini-2.0-flash,8,342,0,0
5,gemini-2.0-flash,8,343,0,0
5,gemini-2.0-flash,8,344,0,0
5,gemini-2.0-flash,8,345,0,0
5,gemini-2.0-flash,8,346,0,0
5,gemini-2.0-flash,8,347,1,0
5,gemini-2.0-flash,8,348,0,0
5,gemini-2.0-flash,8,349,0,0
5,gemini-2.0-flash,8,350,0,0
5,gemini-2.0-flash,8,351,0,0
5,gemini-2.0-flash,8,352,1,0
5,gemini-2.0-flash,8,353,0,0
5,gemini-2.0-flash,8,354,0,0
5,gemini-2.0-flash,8,355,0,0
5,gemini-2.0-flash,8,356,0,0
5,gemini-2.0-flash,8,357,0,0
5,gemini-2.0-flash,8,358,0,0
5,gemini-2.0-flash,8,359,1,0
5,gemini-2.0-flash,8,360,1,0
5,gemini-2.0-flash,8,361,0,0
5,gemini-2.0-flash,8,362,0,0
5,gemini-2.0-flash,8,363,1,0
5,gemini-2.0-flash,8,364,1,1
5,gemini-2.0-flash,8,365,0,0
5,gemini-2.0-flash,8,366,0,0
5,gemini-2.0-flash,8,367,0,0
5,gemini-2.0-flash,8,368,0,1
5,gemini-2.0-flash,8,369,1,0
5,gemini-2.0-flash,8,370,0,0
5,gemini-2.0-flash,8,371,0,0
5,gemini-2.0-flash,8,372,0,0
5,gemini-2.0-flash,8,373,1,1
5,gemini-2.0-flash,8,374,0,0
5,gemini-2.0-flash,8,375,0,0
5,gemini-2.0-flash,8,376,0,0
5,gemini-2.0-flash,8,377,1,0
5,gemini-2.0-flash,8,378,1,1
5,gemini-2.0-flash,8,379,0,1
5,gemini-2.0-flash,8,380,0,0
5,gemini-2.0-flash,8,381,0,0
5,gemini-2.0-flash,8,382,0,0
5,gemini-2.0-flash,8,383,1,0
5,gemini-2.0-flash,8,384,0,1
5,gemini-2.0-flash,8,385,0,0
5,gemini-2.0-flash,8,386,0,0
5,gemini-2.0-flash,8,387,0,0
5,gemini-2.0-flash,8,388,0,1
5,gemini-2.0-flash,8,389,0,1
5,gemini-2.0-flash,8,390,0,1
5,gemini-2.0-flash,8,391,0,0
5,gemini-2.0-flash,8,392,1,1
5,gemini-2.0-flash,8,393,1,1
5,gemini-2.0-flash,8,394,0,1
5,gemini-2.0-flash,8,395,1,1
5,gemini-2.0-flash,8,396,0,0
5,gemini-2.0-flash,8,397,0,0
5,gemini-2.0-flash,8,398,0,0
5,gemini-2.0-flash,8,399,0,0
5,gemini-2.0-flash,8,400,1,1
5,gemini-2.0-flash,8,401,0,0
5,gemini-2.0-flash,8,402,0,0
5,gemini-2.0-flash,8,403,1,0
5,gemini-2.0-flash,8,404,0,0
5,gemini-2.0-flash,8,405,0,0
5,gemini-2.0-flash,8,406,0,1
5,gemini-2.0-flash,8,407,0,1
5,gemini-2.0-flash,8,408,1,1
5,gemini-2.0-flash,8,409,0,0
5,gemini-2.0-flash,8,410,0,0
5,gemini-2.0-flash,8,411,0,0
5,gemini-2.0-flash,8,412,0,0
5,gemini-2.0-flash,8,413,0,1
5,gemini-2.0-flash,8,414,0,0
5,gemini-2.0-flash,8,415,0,1
5,gemini-2.0-flash,8,416,0,0
5,gemini-2.0-flash,8,417,0,0
5,gemini-2.0-flash,8,418,1,0
5,gemini-2.0-flash,8,419,0,0
5,gemini-2.0-flash,8,420,0,0
5,gemini-2.0-flash,8,421,0,1
5,gemini-2.0-flash,8,422,0,0
5,gemini-2.0-flash,8,423,0,0
5,gemini-2.0-flash,8,424,0,0
5,gemini-2.0-flash,8,425,0,0
5,gemini-2.0-flash,8,426,0,0
5,gemini-2.0-flash,8,427,0,1
5,gemini-2.0-flash,8,428,0,0
5,gemini-2.0-flash,8,429,1,1
5,gemini-2.0-flash,8,430,0,0
5,gemini-2.0-flash,8,431,0,1
5,gemini-2.0-flash,8,432,0,0
5,gemini-2.0-flash,8,433,0,0
5,gemini-2.0-flash,8,434,0,0
5,gemini-2.0-flash,8,435,0,0
5,gemini-2.0-flash,8,436,0,0
5,gemini-2.0-flash,8,437,0,0
5,gemini-2.0-flash,8,438,0,0
5,gemini-2.0-flash,8,439,0,1
5,gemini-2.0-flash,8,440,0,0
5,gemini-2.0-flash,8,441,0,0
5,gemini-2.0-flash,8,442,0,0
5,gemini-2.0-flash,8,443,0,0
5,gemini-2.0-flash,8,444,0,1
5,gemini-2.0-flash,8,445,0,0
5,gemini-2.0-flash,8,446,0,1
5,gemini-2.0-flash,8,447,0,0
5,gemini-2.0-flash,8,448,0,0
5,gemini-2.0-flash,8,449,0,0
5,gemini-2.0-flash,8,450,0,0
5,gemini-2.0-flash,8,451,0,0
5,gemini-2.0-flash,8,452,0,0
5,gemini-2.0-flash,8,453,0,0
5,gemini-2.0-flash,8,454,0,0
5,gemini-2.0-flash,8,455,1,1
5,gemini-2.0-flash,8,456,0,0
5,gemini-2.0-flash,8,457,0,0
5,gemini-2.0-flash,8,458,0,0
5,gemini-2.0-flash,8,459,0,0
5,gemini-2.0-flash,8,460,0,0
5,gemini-2.0-flash,8,461,0,0
5,gemini-2.0-flash,8,462,0,0
5,gemini-2.0-flash,8,463,0,0
5,gemini-2.0-flash,8,464,0,0
5,gemini-2.0-flash,8,465,0,0
5,gemini-2.0-flash,8,466,0,0
5,gemini-2.0-flash,8,467,0,0
5,gemini-2.0-flash,8,468,0,0
5,gemini-2.0-flash,8,469,0,0
5,gemini-2.0-flash,8,470,0,0
5,gemini-2.0-flash,8,471,1,1
5,gemini-2.0-flash,8,472,0,0
5,gemini-2.0-flash,8,473,0,0
5,gemini-2.0-flash,8,474,0,1
5,gemini-2.0-flash,8,475,0,0
5,gemini-2.0-flash,8,476,0,0
5,gemini-2.0-flash,8,477,0,0
5,gemini-2.0-flash,8,478,0,0
5,gemini-2.0-flash,8,479,0,1
5,gemini-2.0-flash,8,480,0,1
5,gemini-2.0-flash,8,481,0,0
5,gemini-2.0-flash,8,482,0,1
5,gemini-2.0-flash,8,483,0,0
5,gemini-2.0-flash,8,484,0,0
5,gemini-2.0-flash,8,485,0,0
5,gemini-2.0-flash,8,486,1,0
5,gemini-2.0-flash,8,487,0,0
5,gemini-2.0-flash,8,488,0,0
5,gemini-2.0-flash,8,489,0,1
5,gemini-2.0-flash,8,490,1,1
5,gemini-2.0-flash,8,491,0,1
5,gemini-2.0-flash,8,492,0,1
5,gemini-2.0-flash,8,493,0,0
5,gemini-2.0-flash,8,494,0,0
5,gemini-2.0-flash,8,495,0,0
5,gemini-2.0-flash,8,496,0,1
5,gemini-2.0-flash,8,497,0,1
5,gemini-2.0-flash,8,498,1,1
5,gemini-2.0-flash,8,499,0,0
5,gemini-2.0-flash,8,500,0,0
5,gemini-2.0-flash,8,501,0,0
5,gemini-2.0-flash,8,502,0,1
5,gemini-2.0-flash,8,503,0,0
5,gemini-2.0-flash,8,504,0,1
5,gemini-2.0-flash,8,505,1,0
5,gemini-2.0-flash,8,506,0,0
5,gemini-2.0-flash,8,507,0,1
5,gemini-2.0-flash,8,508,0,0
5,gemini-2.0-flash,8,509,0,1
5,gemini-2.0-flash,8,510,0,0
5,gemini-2.0-flash,8,511,1,0
5,gemini-2.0-flash,8,512,0,0
5,gemini-2.0-flash,8,513,0,0
5,gemini-2.0-flash,8,514,1,0
5,gemini-2.0-flash,8,515,1,1
5,gemini-2.0-flash,8,516,0,0
5,gemini-2.0-flash,8,517,0,0
5,gemini-2.0-flash,8,518,0,1
5,gemini-2.0-flash,8,519,0,0
5,gemini-2.0-flash,8,520,0,1
5,gemini-2.0-flash,8,521,0,1
5,gemini-2.0-flash,8,522,0,0
5,gemini-2.0-flash,8,523,0,0
5,gemini-2.0-flash,8,524,0,0
5,gemini-2.0-flash,8,525,0,0
5,gemini-2.0-flash,8,526,0,0
5,gemini-2.0-flash,8,527,0,1
5,gemini-2.0-flash,8,528,0,1
5,gemini-2.0-flash,8,529,0,0
5,gemini-2.0-flash,8,530,0,0
5,gemini-2.0-flash,8,531,0,0
5,gemini-2.0-flash,8,532,0,0
5,gemini-2.0-flash,8,533,1,0
5,gemini-2.0-flash,8,534,0,0
5,gemini-2.0-flash,8,535,0,0
5,gemini-2.0-flash,8,536,0,0
5,gemini-2.0-flash,8,537,0,0
5,gemini-2.0-flash,8,538,0,1
5,gemini-2.0-flash,8,539,0,1
5,gemini-2.0-flash,8,540,0,0
5,gemini-2.0-flash,8,541,0,1
5,gemini-2.0-flash,8,542,0,0
5,gemini-2.0-flash,8,543,0,1
5,gemini-2.0-flash,8,544,0,0
5,gemini-2.0-flash,8,545,0,0
5,gemini-2.0-flash,8,546,0,1
5,gemini-2.0-flash,8,547,1,1
5,gemini-2.0-flash,8,548,0,1
5,gemini-2.0-flash,8,549,0,0
5,gemini-2.0-flash,8,550,1,1
5,gemini-2.0-flash,8,551,0,0
5,gemini-2.0-flash,8,552,0,1
5,gemini-2.0-flash,8,553,0,0
5,gemini-2.0-flash,8,554,1,1
5,gemini-2.0-flash,8,555,0,0
5,gemini-2.0-flash,8,556,0,0
5,gemini-2.0-flash,8,557,0,0
5,gemini-2.0-flash,8,558,0,0
5,gemini-2.0-flash,8,559,1,1
5,gemini-2.0-flash,8,560,0,0
5,gemini-2.0-flash,8,561,0,0
5,gemini-2.0-flash,8,562,0,1
5,gemini-2.0-flash,8,563,0,0
5,gemini-2.0-flash,8,564,0,0
5,gemini-2.0-flash,8,565,0,0
5,gemini-2.0-flash,8,566,0,0
5,gemini-2.0-flash,8,567,0,0
5,gemini-2.0-flash,8,568,0,0
5,gemini-2.0-flash,8,569,0,1
5,gemini-2.0-flash,8,570,0,1
5,gemini-2.0-flash,8,571,0,0
5,gemini-2.0-flash,8,572,0,0
5,gemini-2.0-flash,8,573,0,1
5,gemini-2.0-flash,8,574,0,0
5,gemini-2.0-flash,8,575,0,0
5,gemini-2.0-flash,8,576,0,0
5,gemini-2.0-flash,8,577,0,0
5,gemini-2.0-flash,8,578,0,0
5,gemini-2.0-flash,8,579,0,1
5,gemini-2.0-flash,8,580,0,0
5,gemini-2.0-flash,8,581,1,1
5,gemini-2.0-flash,8,582,0,1
5,gemini-2.0-flash,8,583,0,1
5,gemini-2.0-flash,8,584,0,0
5,gemini-2.0-flash,8,585,0,1
5,gemini-2.0-flash,8,586,0,1
5,gemini-2.0-flash,8,587,0,0
5,gemini-2.0-flash,8,588,0,0
5,gemini-2.0-flash,8,589,0,0
5,gemini-2.0-flash,8,590,1,1
5,gemini-2.0-flash,8,591,0,0
5,gemini-2.0-flash,8,592,0,1
5,gemini-2.0-flash,8,593,0,1
5,gemini-2.0-flash,8,594,0,0
5,gemini-2.0-flash,8,595,1,0
5,gemini-2.0-flash,8,596,0,0
5,gemini-2.0-flash,8,597,1,1
5,gemini-2.0-flash,8,598,0,0
5,gemini-2.0-flash,8,599,0,0
5,gemini-2.0-flash,8,600,0,0
5,gemini-2.0-flash,8,601,0,1
5,gemini-2.0-flash,8,602,0,0
5,gemini-2.0-flash,8,603,0,0
5,gemini-2.0-flash,8,604,0,0
5,gemini-2.0-flash,8,605,0,0
5,gemini-2.0-flash,8,606,0,0
5,gemini-2.0-flash,8,607,0,0
5,gemini-2.0-flash,8,608,0,0
5,gemini-2.0-flash,8,609,0,0
5,gemini-2.0-flash,8,610,0,0
5,gemini-2.0-flash,8,611,0,0
5,gemini-2.0-flash,8,612,0,1
5,gemini-2.0-flash,8,613,0,0
5,gemini-2.0-flash,8,614,0,0
5,gemini-2.0-flash,8,615,0,0
5,gemini-2.0-flash,8,616,0,0
5,gemini-2.0-flash,8,617,0,0
5,gemini-2.0-flash,8,618,0,0
5,gemini-2.0-flash,8,619,0,0
5,gemini-2.0-flash,8,620,0,0
5,gemini-2.0-flash,8,621,0,1
5,gemini-2.0-flash,8,622,0,0
5,gemini-2.0-flash,8,623,0,0
5,gemini-2.0-flash,8,624,0,1
5,gemini-2.0-flash,8,625,0,0
5,gemini-2.0-flash,8,626,1,1
5,gemini-2.0-flash,8,627,0,0
5,gemini-2.0-flash,8,628,0,0
5,gemini-2.0-flash,8,629,0,0
5,gemini-2.0-flash,8,630,0,1
5,gemini-2.0-flash,8,631,0,0
5,gemini-2.0-flash,8,632,0,0
5,gemini-2.0-flash,8,633,0,0
5,gemini-2.0-flash,8,634,1,1
5,gemini-2.0-flash,8,635,0,0
5,gemini-2.0-flash,8,636,0,0
5,gemini-2.0-flash,8,637,1,1
5,gemini-2.0-flash,8,638,0,0
5,gemini-2.0-flash,8,639,1,1
5,gemini-2.0-flash,8,640,0,0
5,gemini-2.0-flash,8,641,0,0
5,gemini-2.0-flash,8,642,0,1
5,gemini-2.0-flash,8,643,0,0
5,gemini-2.0-flash,8,644,0,0
5,gemini-2.0-flash,8,645,0,0
5,gemini-2.0-flash,8,646,1,1
5,gemini-2.0-flash,8,647,0,0
5,gemini-2.0-flash,8,648,0,1
5,gemini-2.0-flash,8,649,0,0
5,gemini-2.0-flash,8,650,0,0
5,gemini-2.0-flash,8,651,0,1
5,gemini-2.0-flash,8,652,0,0
5,gemini-2.0-flash,8,653,0,0
5,gemini-2.0-flash,8,654,0,1
5,gemini-2.0-flash,8,655,0,0
5,gemini-2.0-flash,8,656,1,1
5,gemini-2.0-flash,8,657,0,0
5,gemini-2.0-flash,8,658,0,0
5,gemini-2.0-flash,8,659,0,0
5,gemini-2.0-flash,8,660,0,0
5,gemini-2.0-flash,8,661,0,0
5,gemini-2.0-flash,8,662,1,1
5,gemini-2.0-flash,8,663,1,1
5,gemini-2.0-flash,8,664,0,1
5,gemini-2.0-flash,8,665,0,0
5,gemini-2.0-flash,8,666,0,0
5,gemini-2.0-flash,8,667,0,0
5,gemini-2.0-flash,8,668,0,0
5,gemini-2.0-flash,8,669,0,0
5,gemini-2.0-flash,8,670,0,0
5,gemini-2.0-flash,8,671,0,0
5,gemini-2.0-flash,8,672,1,1
5,gemini-2.0-flash,8,673,0,0
5,gemini-2.0-flash,8,674,0,0
5,gemini-2.0-flash,8,675,1,1
5,gemini-2.0-flash,8,676,1,1
5,gemini-2.0-flash,8,677,0,1
5,gemini-2.0-flash,8,678,0,1
5,gemini-2.0-flash,8,679,0,0
5,gemini-2.0-flash,8,680,0,0
5,gemini-2.0-flash,8,681,0,1
5,gemini-2.0-flash,8,682,0,0
5,gemini-2.0-flash,8,683,1,0
5,gemini-2.0-flash,8,684,1,1
5,gemini-2.0-flash,8,685,0,0
5,gemini-2.0-flash,8,686,0,0
5,gemini-2.0-flash,8,687,0,0
5,gemini-2.0-flash,8,688,0,0
5,gemini-2.0-flash,8,689,0,1
5,gemini-2.0-flash,8,690,0,0
5,gemini-2.0-flash,8,691,0,1
5,gemini-2.0-flash,8,692,0,0
5,gemini-2.0-flash,8,693,0,0
5,gemini-2.0-flash,8,694,0,0
5,gemini-2.0-flash,8,695,0,0
5,gemini-2.0-flash,8,696,0,0
5,gemini-2.0-flash,8,697,0,0
5,gemini-2.0-flash,8,698,0,1
5,gemini-2.0-flash,8,699,0,0
5,gemini-2.0-flash,8,700,1,0
5,gemini-2.0-flash,8,701,0,0
5,gemini-2.0-flash,8,702,0,0
5,gemini-2.0-flash,8,703,0,0
5,gemini-2.0-flash,8,704,0,0
5,gemini-2.0-flash,8,705,0,0
5,gemini-2.0-flash,8,706,0,0
5,gemini-2.0-flash,8,707,0,0
5,gemini-2.0-flash,8,708,1,1
5,gemini-2.0-flash,8,709,1,1
5,gemini-2.0-flash,8,710,1,1
5,gemini-2.0-flash,8,711,1,0
5,gemini-2.0-flash,8,712,1,1
5,gemini-2.0-flash,8,713,0,0
5,gemini-2.0-flash,8,714,1,0
5,gemini-2.0-flash,8,715,1,0
5,gemini-2.0-flash,8,716,0,1
5,gemini-2.0-flash,8,717,1,1
5,gemini-2.0-flash,8,718,0,1
5,gemini-2.0-flash,8,719,1,0
5,gemini-2.0-flash,8,720,1,1
5,gemini-2.0-flash,8,721,1,0
5,gemini-2.0-flash,8,722,1,1
5,gemini-2.0-flash,8,723,1,1
5,gemini-2.0-flash,8,724,1,1
5,gemini-2.0-flash,8,725,1,1
5,gemini-2.0-flash,8,726,1,0
5,gemini-2.0-flash,8,727,1,0
5,gemini-2.0-flash,8,728,1,1
5,gemini-2.0-flash,8,729,1,1
5,gemini-2.0-flash,8,730,1,0
5,gemini-2.0-flash,8,731,1,1
5,gemini-2.0-flash,8,732,1,0
5,gemini-2.0-flash,8,733,1,1
5,gemini-2.0-flash,8,734,1,0
5,gemini-2.0-flash,8,735,1,1
5,gemini-2.0-flash,8,736,1,1
5,gemini-2.0-flash,8,737,0,1
5,gemini-2.0-flash,8,738,1,1
5,gemini-2.0-flash,8,739,1,1
5,gemini-2.0-flash,8,740,1,0
5,gemini-2.0-flash,8,741,1,1
5,gemini-2.0-flash,8,742,1,1
5,gemini-2.0-flash,8,743,1,1
5,gemini-2.0-flash,8,744,1,1
5,gemini-2.0-flash,8,745,1,1
5,gemini-2.0-flash,8,746,1,1
5,gemini-2.0-flash,8,747,1,1
5,gemini-2.0-flash,8,748,1,0
5,gemini-2.0-flash,8,749,1,1
5,gemini-2.0-flash,8,750,1,1
5,gemini-2.0-flash,8,751,1,1
5,gemini-2.0-flash,8,752,1,1
5,gemini-2.0-flash,8,753,1,1
5,gemini-2.0-flash,8,754,1,1
5,gemini-2.0-flash,8,755,1,1
5,gemini-2.0-flash,8,756,1,1
5,gemini-2.0-flash,8,757,1,1
5,gemini-2.0-flash,8,758,1,1
5,gemini-2.0-flash,8,759,1,1
5,gemini-2.0-flash,8,760,1,1
5,gemini-2.0-flash,8,761,1,1
5,gemini-2.0-flash,8,762,1,1
5,gemini-2.0-flash,8,763,1,1
5,gemini-2.0-flash,8,764,1,1
5,gemini-2.0-flash,8,765,1,1
5,gemini-2.0-flash,8,766,1,0
5,gemini-2.0-flash,8,767,1,1
5,gemini-2.0-flash,8,768,1,1
5,gemini-2.0-flash,8,769,1,1
5,gemini-2.0-flash,8,770,1,0
5,gemini-2.0-flash,8,771,1,1
5,gemini-2.0-flash,8,772,1,1
5,gemini-2.0-flash,8,773,1,1
5,gemini-2.0-flash,8,774,1,1
5,gemini-2.0-flash,8,775,1,1
5,gemini-2.0-flash,8,776,1,1
5,gemini-2.0-flash,8,777,1,1
5,gemini-2.0-flash,8,778,1,1
5,gemini-2.0-flash,8,779,1,1
5,gemini-2.0-flash,8,780,1,1
5,gemini-2.0-flash,8,781,1,1
5,gemini-2.0-flash,8,782,1,1
5,gemini-2.0-flash,8,783,1,1
5,gemini-2.0-flash,8,784,1,1
5,gemini-2.0-flash,8,785,1,1
5,gemini-2.0-flash,8,786,1,1
5,gemini-2.0-flash,8,787,1,1
5,gemini-2.0-flash,8,788,1,1
5,gemini-2.0-flash,8,789,1,1
5,gemini-2.0-flash,8,790,1,1
5,gemini-2.0-flash,8,791,1,1
5,gemini-2.0-flash,8,792,1,1
5,gemini-2.0-flash,8,793,1,1
5,gemini-2.0-flash,8,794,1,1
5,gemini-2.0-flash,8,795,1,1
5,gemini-2.0-flash,8,796,1,1
5,gemini-2.0-flash,8,797,1,1
5,gemini-2.0-flash,8,798,1,1
5,gemini-2.0-flash,8,799,1,1
5,gemini-2.0-flash,8,800,1,1
5,gemini-2.0-flash,8,801,1,1
5,gemini-2.0-flash,8,802,1,1
5,gemini-2.0-flash,8,803,1,1
5,gemini-2.0-flash,8,804,1,1
5,gemini-2.0-flash,8,805,1,1
5,gemini-2.0-flash,8,806,1,1
5,gemini-2.0-flash,8,807,1,1
5,gemini-2.0-flash,8,808,1,1
5,gemini-2.0-flash,8,809,1,1
5,gemini-2.0-flash,8,810,1,1
5,gemini-2.0-flash,8,811,1,1
5,gemini-2.0-flash,8,812,1,1
5,gemini-2.0-flash,8,813,1,1
5,gemini-2.0-flash,8,814,1,1
5,gemini-2.0-flash,8,815,1,1
5,gemini-2.0-flash,8,816,1,1
5,gemini-2.0-flash,8,817,1,1
5,gemini-2.0-flash,8,818,1,1
5,gemini-2.0-flash,8,819,1,1
5,gemini-2.0-flash,8,820,1,1
5,gemini-2.0-flash,8,821,1,0
5,gemini-2.0-flash,8,822,1,1
5,gemini-2.0-flash,8,823,1,1
5,gemini-2.0-flash,8,824,1,0
5,gemini-2.0-flash,8,825,1,1
5,gemini-2.0-flash,8,826,1,1
5,gemini-2.0-flash,8,827,1,1
5,gemini-2.0-flash,8,828,1,1
5,gemini-2.0-flash,8,829,1,1
5,gemini-2.0-flash,8,830,1,1
5,gemini-2.0-flash,8,831,1,1
5,gemini-2.0-flash,8,832,1,1
5,gemini-2.0-flash,8,833,1,0
5,gemini-2.0-flash,8,834,1,0
5,gemini-2.0-flash,8,835,1,0
5,gemini-2.0-flash,8,836,1,1
5,gemini-2.0-flash,8,837,1,1
5,gemini-2.0-flash,8,838,1,1
5,gemini-2.0-flash,8,839,1,1
5,gemini-2.0-flash,8,840,1,1
5,gemini-2.0-flash,8,841,1,1
5,gemini-2.0-flash,8,842,1,1
5,gemini-2.0-flash,8,843,1,1
5,gemini-2.0-flash,8,844,1,1
5,gemini-2.0-flash,8,845,1,1
5,gemini-2.0-flash,8,846,1,1
5,gemini-2.0-flash,8,847,1,1
5,gemini-2.0-flash,8,848,1,1
5,gemini-2.0-flash,8,849,1,0
5,gemini-2.0-flash,8,850,1,1
5,gemini-2.0-flash,8,851,1,1
5,gemini-2.0-flash,8,852,1,1
5,gemini-2.0-flash,8,853,1,1
5,gemini-2.0-flash,8,854,1,1
5,gemini-2.0-flash,8,855,1,1
5,gemini-2.0-flash,8,856,1,1
5,gemini-2.0-flash,8,857,1,1
5,gemini-2.0-flash,8,858,1,1
5,gemini-2.0-flash,8,859,1,1
5,gemini-2.0-flash,8,860,1,1
5,gemini-2.0-flash,8,861,1,1
5,gemini-2.0-flash,8,862,1,1
5,gemini-2.0-flash,8,863,1,1
5,gemini-2.0-flash,8,864,1,1
5,gemini-2.0-flash,8,865,1,1
5,gemini-2.0-flash,8,866,1,1
5,gemini-2.0-flash,8,867,1,1
5,gemini-2.0-flash,8,868,1,1
5,gemini-2.0-flash,8,869,1,1
5,gemini-2.0-flash,8,870,1,1
5,gemini-2.0-flash,8,871,1,1
5,gemini-2.0-flash,8,872,1,1
5,gemini-2.0-flash,8,873,1,1
5,gemini-2.0-flash,8,874,1,1
5,gemini-2.0-flash,8,875,1,1
5,gemini-2.0-flash,8,876,1,1
5,gemini-2.0-flash,8,877,1,1
5,gemini-2.0-flash,8,878,1,1
5,gemini-2.0-flash,8,879,1,1
5,gemini-2.0-flash,8,880,1,1
5,gemini-2.0-flash,8,881,1,1
5,gemini-2.0-flash,8,882,1,1
5,gemini-2.0-flash,8,883,1,1
5,gemini-2.0-flash,8,884,1,1
5,gemini-2.0-flash,8,885,1,1
5,gemini-2.0-flash,8,886,1,1
5,gemini-2.0-flash,8,887,1,1
5,gemini-2.0-flash,8,888,1,1
5,gemini-2.0-flash,8,889,1,1
5,gemini-2.0-flash,8,890,1,1
5,gemini-2.0-flash,8,891,1,1
5,gemini-2.0-flash,8,892,1,1
5,gemini-2.0-flash,8,893,1,1
5,gemini-2.0-flash,8,894,1,1
5,gemini-2.0-flash,8,895,1,1
5,gemini-2.0-flash,8,896,1,1
5,gemini-2.0-flash,8,897,1,1
5,gemini-2.0-flash,8,898,1,1
5,gemini-2.0-flash,8,899,1,1
5,gemini-2.0-flash,8,900,1,1
5,gemini-2.0-flash,8,901,1,1
5,gemini-2.0-flash,8,902,1,1
5,gemini-2.0-flash,8,903,1,1
5,gemini-2.0-flash,8,904,1,1
5,gemini-2.0-flash,8,905,1,1
5,gemini-2.0-flash,8,906,1,1
5,gemini-2.0-flash,8,907,1,1
5,gemini-2.0-flash,8,908,1,1
5,gemini-2.0-flash,8,909,1,1
5,gemini-2.0-flash,8,910,1,0
5,gemini-2.0-flash,8,911,1,1
5,gemini-2.0-flash,8,912,1,1
5,gemini-2.0-flash,8,913,1,1
5,gemini-2.0-flash,8,914,1,1
5,gemini-2.0-flash,8,915,1,1
5,gemini-2.0-flash,8,916,1,1
5,gemini-2.0-flash,8,917,1,1
5,gemini-2.0-flash,8,918,1,1
5,gemini-2.0-flash,8,919,1,1
5,gemini-2.0-flash,8,920,1,1
5,gemini-2.0-flash,8,921,1,1
5,gemini-2.0-flash,8,922,1,1
5,gemini-2.0-flash,8,923,1,1
5,gemini-2.0-flash,8,924,1,1
5,gemini-2.0-flash,8,925,1,1
5,gemini-2.0-flash,8,926,1,1
5,gemini-2.0-flash,8,927,1,1
5,gemini-2.0-flash,8,928,1,1
5,gemini-2.0-flash,8,929,1,1
5,gemini-2.0-flash,8,930,1,1
5,gemini-2.0-flash,8,931,1,1
5,gemini-2.0-flash,8,932,1,1
5,gemini-2.0-flash,8,933,1,1
5,gemini-2.0-flash,8,934,1,1
5,gemini-2.0-flash,8,935,1,1
5,gemini-2.0-flash,8,936,1,0
5,gemini-2.0-flash,8,937,1,1
5,gemini-2.0-flash,8,938,1,1
5,gemini-2.0-flash,8,939,1,1
5,gemini-2.0-flash,8,940,1,0
5,gemini-2.0-flash,8,941,1,1
5,gemini-2.0-flash,8,942,1,1
5,gemini-2.0-flash,8,943,1,1
5,gemini-2.0-flash,8,944,1,1
5,gemini-2.0-flash,8,945,1,1
5,gemini-2.0-flash,8,946,1,1
5,gemini-2.0-flash,8,947,1,0
5,gemini-2.0-flash,8,948,1,1
5,gemini-2.0-flash,8,949,1,1
5,gemini-2.0-flash,8,950,1,1
5,gemini-2.0-flash,8,951,1,1
5,gemini-2.0-flash,8,952,1,1
5,gemini-2.0-flash,8,953,1,1
5,gemini-2.0-flash,8,954,1,1
5,gemini-2.0-flash,8,955,1,1
5,gemini-2.0-flash,8,956,1,1
5,gemini-2.0-flash,8,957,1,1
5,gemini-2.0-flash,8,958,1,1
5,gemini-2.0-flash,8,959,1,1
5,gemini-2.0-flash,8,960,1,1
5,gemini-2.0-flash,8,961,1,1
5,gemini-2.0-flash,8,962,1,1
5,gemini-2.0-flash,8,963,1,1
5,gemini-2.0-flash,8,964,1,1
5,gemini-2.0-flash,8,965,1,1
5,gemini-2.0-flash,8,966,1,1
5,gemini-2.0-flash,8,967,1,1
5,gemini-2.0-flash,8,968,1,1
5,gemini-2.0-flash,8,969,1,0
5,gemini-2.0-flash,8,970,1,1
5,gemini-2.0-flash,8,971,1,1
5,gemini-2.0-flash,8,972,1,1
5,gemini-2.0-flash,8,973,1,1
5,gemini-2.0-flash,8,974,1,1
5,gemini-2.0-flash,8,975,1,1
5,gemini-2.0-flash,8,976,1,1
